timestamp,mt5_bid,mt5_ask,mt5_time_msc,backend_bid,backend_ask,backend_event_time,backend_sequence,websocket_bid,websocket_ask,websocket_event_time,websocket_sequence,ui_bid,ui_ask,ui_event_time,ui_sequence,active_connections
2026-09-21T08:20:03.792360+00:00,4353.63,4354.04,1789989603785,4353.68,4354.09,2026-09-21T08:20:03.868000Z,14,4353.64,4354.06,2026-09-21T08:20:03.552000Z,13,4353.64,4354.06,2026-09-21T08:20:03.552000Z,13,1
2026-09-21T08:20:04.752845+00:00,4353.76,4354.17,1789989604868,4353.76,4354.17,2026-09-21T08:20:04.670000Z,18,4353.76,4354.17,2026-09-21T08:20:04.670000Z,18,4353.76,4354.17,2026-09-21T08:20:04.670000Z,18,1
2026-09-21T08:20:05.777393+00:00,4353.61,4354.03,1789989605869,4353.61,4354.03,2026-09-21T08:20:05.693000Z,23,4353.61,4354.03,2026-09-21T08:20:05.693000Z,23,4353.61,4354.03,2026-09-21T08:20:05.693000Z,23,1
2026-09-21T08:20:06.806408+00:00,4353.63,4354.04,1789989606691,4353.63,4354.04,2026-09-21T08:20:06.691000Z,28,4353.63,4354.04,2026-09-21T08:20:06.691000Z,28,4353.63,4354.04,2026-09-21T08:20:06.691000Z,28,1
2026-09-21T08:20:07.832988+00:00,4353.62,4354.04,1789989607724,4353.62,4354.04,2026-09-21T08:20:07.724000Z,33,4353.62,4354.04,2026-09-21T08:20:07.591000Z,32,4353.62,4354.04,2026-09-21T08:20:07.591000Z,32,1
2026-09-21T08:20:08.813745+00:00,4353.63,4354.05,1789989608674,4353.63,4354.05,2026-09-21T08:20:08.674000Z,38,4353.63,4354.05,2026-09-21T08:20:08.674000Z,38,4353.63,4354.05,2026-09-21T08:20:08.674000Z,38,1
2026-09-21T08:20:09.905159+00:00,4353.67,4354.09,1789989609959,4353.66,4354.07,2026-09-21T08:20:09.668000Z,43,4353.66,4354.07,2026-09-21T08:20:09.668000Z,43,4353.66,4354.07,2026-09-21T08:20:09.668000Z,43,1
2026-09-21T08:20:11.004040+00:00,4353.73,4354.14,1789989610668,4353.73,4354.14,2026-09-21T08:20:10.668000Z,49,4353.73,4354.14,2026-09-21T08:20:10.668000Z,49,4353.73,4354.14,2026-09-21T08:20:10.668000Z,49,1
2026-09-21T08:20:11.927339+00:00,4353.66,4354.07,1789989612031,4353.78,4354.20,2026-09-21T08:20:11.733000Z,53,4353.78,4354.20,2026-09-21T08:20:11.733000Z,53,4353.78,4354.20,2026-09-21T08:20:11.733000Z,53,1
2026-09-21T08:20:12.920506+00:00,4353.18,4353.60,1789989613022,4353.34,4353.76,2026-09-21T08:20:12.885000Z,58,4353.34,4353.76,2026-09-21T08:20:12.885000Z,58,4353.34,4353.76,2026-09-21T08:20:12.885000Z,58,1
2026-09-21T08:20:13.940486+00:00,4352.93,4353.35,1789989613986,4352.93,4353.34,2026-09-21T08:20:13.755000Z,63,4352.92,4353.34,2026-09-21T08:20:13.669000Z,62,4352.92,4353.34,2026-09-21T08:20:13.669000Z,62,1
2026-09-21T08:20:14.969683+00:00,4352.90,4353.32,1789989614753,4352.90,4353.32,2026-09-21T08:20:14.753000Z,68,4352.90,4353.32,2026-09-21T08:20:14.753000Z,68,4352.90,4353.32,2026-09-21T08:20:14.753000Z,68,1
2026-09-21T08:20:16.010367+00:00,4352.93,4353.34,1789989616068,4352.94,4353.35,2026-09-21T08:20:15.921000Z,73,4352.96,4353.38,2026-09-21T08:20:15.593000Z,72,4352.96,4353.38,2026-09-21T08:20:15.593000Z,72,1
2026-09-21T08:20:17.026703+00:00,4352.91,4353.33,1789989616968,4352.91,4353.33,2026-09-21T08:20:16.968000Z,78,4352.91,4353.33,2026-09-21T08:20:16.968000Z,78,4352.91,4353.33,2026-09-21T08:20:16.968000Z,78,1
2026-09-21T08:20:18.023243+00:00,4352.71,4353.13,1789989618025,4352.71,4353.12,2026-09-21T08:20:17.963000Z,83,4352.71,4353.12,2026-09-21T08:20:17.963000Z,83,4352.71,4353.12,2026-09-21T08:20:17.963000Z,83,1
2026-09-21T08:20:19.034016+00:00,4352.79,4353.20,1789989619148,4352.79,4353.21,2026-09-21T08:20:19.010000Z,88,4352.79,4353.21,2026-09-21T08:20:18.767000Z,87,4352.79,4353.21,2026-09-21T08:20:18.767000Z,87,1
2026-09-21T08:20:20.085558+00:00,4352.80,4353.22,1789989619967,4352.80,4353.22,2026-09-21T08:20:19.967000Z,93,4352.81,4353.23,2026-09-21T08:20:19.305000Z,92,4352.81,4353.23,2026-09-21T08:20:19.305000Z,92,1
2026-09-21T08:20:21.135957+00:00,4352.85,4353.26,1789989621169,4352.85,4353.27,2026-09-21T08:20:21.103000Z,98,4352.83,4353.24,2026-09-21T08:20:20.842000Z,97,4352.83,4353.24,2026-09-21T08:20:20.842000Z,97,1
2026-09-21T08:20:22.184965+00:00,4352.82,4353.23,1789989622243,4352.82,4353.24,2026-09-21T08:20:21.586000Z,103,4352.82,4353.24,2026-09-21T08:20:21.586000Z,102,4352.82,4353.24,2026-09-21T08:20:21.586000Z,102,1
2026-09-21T08:20:23.189025+00:00,4352.80,4353.22,1789989622985,4352.80,4353.22,2026-09-21T08:20:22.985000Z,108,4352.80,4353.22,2026-09-21T08:20:22.985000Z,108,4352.80,4353.22,2026-09-21T08:20:22.985000Z,108,1
2026-09-21T08:20:24.208551+00:00,4352.83,4353.24,1789989623984,4352.83,4353.24,2026-09-21T08:20:23.984000Z,113,4352.83,4353.24,2026-09-21T08:20:23.984000Z,113,4352.83,4353.24,2026-09-21T08:20:23.984000Z,113,1
2026-09-21T08:20:25.241552+00:00,4352.79,4353.20,1789989625285,4352.78,4353.20,2026-09-21T08:20:25.236000Z,118,4352.78,4353.20,2026-09-21T08:20:25.236000Z,118,4352.78,4353.20,2026-09-21T08:20:25.236000Z,118,1
2026-09-21T08:20:26.294934+00:00,4352.71,4353.12,1789989626368,4352.71,4353.12,2026-09-21T08:20:26.227000Z,123,4352.71,4353.12,2026-09-21T08:20:26.227000Z,123,4352.71,4353.12,2026-09-21T08:20:26.227000Z,123,1
2026-09-21T08:20:27.329793+00:00,4352.72,4353.13,1789989627405,4352.71,4353.13,2026-09-21T08:20:27.068000Z,128,4352.71,4353.13,2026-09-21T08:20:27.068000Z,128,4352.71,4353.13,2026-09-21T08:20:27.068000Z,128,1
2026-09-21T08:20:28.409449+00:00,4352.70,4353.12,1789989628487,4352.70,4353.12,2026-09-21T08:20:28.487000Z,134,4352.72,4353.13,2026-09-21T08:20:28.267000Z,133,4352.72,4353.13,2026-09-21T08:20:28.267000Z,133,1
2026-09-21T08:20:29.727320+00:00,4352.70,4353.12,1789989629682,4352.70,4353.12,2026-09-21T08:20:29.682000Z,140,4352.70,4353.12,2026-09-21T08:20:29.682000Z,140,4352.70,4353.12,2026-09-21T08:20:29.682000Z,140,1
2026-09-21T08:20:30.803056+00:00,4352.60,4353.01,1789989630868,4352.60,4353.02,2026-09-21T08:20:30.777000Z,145,4352.60,4353.02,2026-09-21T08:20:30.777000Z,145,4352.60,4353.01,2026-09-21T08:20:30.485000Z,144,1
2026-09-21T08:20:31.863615+00:00,4352.71,4353.12,1789989631785,4352.71,4353.12,2026-09-21T08:20:31.785000Z,150,4352.71,4353.12,2026-09-21T08:20:31.785000Z,150,4352.71,4353.12,2026-09-21T08:20:31.785000Z,150,1
2026-09-21T08:20:32.927233+00:00,4352.70,4353.11,1789989632988,4352.71,4353.13,2026-09-21T08:20:32.747000Z,155,4352.71,4353.13,2026-09-21T08:20:32.747000Z,155,4352.71,4353.13,2026-09-21T08:20:32.747000Z,155,1
2026-09-21T08:20:33.986285+00:00,4352.69,4353.11,1789989633813,4352.69,4353.11,2026-09-21T08:20:33.813000Z,161,4352.69,4353.11,2026-09-21T08:20:33.813000Z,160,4352.69,4353.11,2026-09-21T08:20:33.813000Z,160,1
2026-09-21T08:20:35.222328+00:00,4352.72,4353.13,1789989635136,4352.70,4353.12,2026-09-21T08:20:35.210000Z,166,4352.71,4353.13,2026-09-21T08:20:34.867000Z,165,4352.71,4353.13,2026-09-21T08:20:34.867000Z,165,1
2026-09-21T08:20:36.047995+00:00,4352.68,4353.09,1789989636101,4352.68,4353.10,2026-09-21T08:20:35.782000Z,170,4352.68,4353.10,2026-09-21T08:20:35.782000Z,169,4352.68,4353.10,2026-09-21T08:20:35.782000Z,169,1
2026-09-21T08:20:37.083195+00:00,4352.56,4352.97,1789989637138,4352.58,4352.99,2026-09-21T08:20:37.062000Z,175,4352.58,4353.00,2026-09-21T08:20:36.766000Z,174,4352.58,4353.00,2026-09-21T08:20:36.766000Z,174,1
2026-09-21T08:20:38.086086+00:00,4352.56,4352.98,1789989638097,4352.61,4353.02,2026-09-21T08:20:38.033000Z,180,4352.55,4352.97,2026-09-21T08:20:37.385000Z,179,4352.55,4352.97,2026-09-21T08:20:37.385000Z,179,1
2026-09-21T08:20:39.112630+00:00,4352.46,4352.88,1789989639210,4352.48,4352.89,2026-09-21T08:20:39.050000Z,185,4352.48,4352.89,2026-09-21T08:20:39.050000Z,185,4352.48,4352.89,2026-09-21T08:20:39.050000Z,185,1
2026-09-21T08:20:40.140863+00:00,4352.47,4352.88,1789989639670,4352.47,4352.88,2026-09-21T08:20:39.670000Z,190,4352.47,4352.88,2026-09-21T08:20:39.670000Z,190,4352.47,4352.88,2026-09-21T08:20:39.670000Z,190,1
2026-09-21T08:20:41.213176+00:00,4352.46,4352.87,1789989640953,4352.46,4352.87,2026-09-21T08:20:40.953000Z,195,4352.46,4352.87,2026-09-21T08:20:40.953000Z,195,4352.46,4352.87,2026-09-21T08:20:40.953000Z,195,1
2026-09-21T08:20:42.224369+00:00,4352.46,4352.88,1789989642281,4352.47,4352.88,2026-09-21T08:20:41.828000Z,200,4352.47,4352.88,2026-09-21T08:20:41.828000Z,200,4352.47,4352.88,2026-09-21T08:20:41.828000Z,200,1
2026-09-21T08:20:43.281089+00:00,4352.48,4352.89,1789989643167,4352.48,4352.89,2026-09-21T08:20:43.167000Z,205,4352.48,4352.89,2026-09-21T08:20:43.167000Z,205,4352.48,4352.89,2026-09-21T08:20:43.167000Z,205,1
2026-09-21T08:20:44.297134+00:00,4352.51,4352.92,1789989644357,4352.50,4352.92,2026-09-21T08:20:43.786000Z,210,4352.50,4352.92,2026-09-21T08:20:43.786000Z,210,4352.50,4352.92,2026-09-21T08:20:43.786000Z,210,1
2026-09-21T08:20:45.427823+00:00,4352.75,4353.17,1789989645310,4352.73,4353.15,2026-09-21T08:20:45.469000Z,216,4352.62,4353.04,2026-09-21T08:20:45.027000Z,214,4352.62,4353.04,2026-09-21T08:20:45.027000Z,214,1
2026-09-21T08:20:46.355760+00:00,4352.70,4353.12,1789989646250,4352.70,4353.12,2026-09-21T08:20:46.250000Z,220,4352.69,4353.10,2026-09-21T08:20:46.024000Z,219,4352.69,4353.10,2026-09-21T08:20:46.024000Z,219,1
2026-09-21T08:20:47.411881+00:00,4352.92,4353.33,1789989647522,4352.92,4353.33,2026-09-21T08:20:47.522000Z,226,4352.92,4353.34,2026-09-21T08:20:47.284000Z,225,4352.92,4353.34,2026-09-21T08:20:47.284000Z,225,1
2026-09-21T08:20:48.463540+00:00,4353.07,4353.48,1789989648570,4353.07,4353.48,2026-09-21T08:20:48.570000Z,231,4353.09,4353.51,2026-09-21T08:20:48.111000Z,229,4353.09,4353.51,2026-09-21T08:20:48.111000Z,229,1
2026-09-21T08:20:49.505107+00:00,4353.04,4353.45,1789989649632,4353.06,4353.48,2026-09-21T08:20:49.579000Z,236,4353.07,4353.48,2026-09-21T08:20:48.973000Z,235,4353.07,4353.48,2026-09-21T08:20:48.973000Z,235,1
2026-09-21T08:20:50.517055+00:00,4352.94,4353.36,1789989650533,4352.94,4353.36,2026-09-21T08:20:50.533000Z,241,4352.95,4353.37,2026-09-21T08:20:50.368000Z,240,4352.95,4353.37,2026-09-21T08:20:50.368000Z,240,1
2026-09-21T08:20:51.566283+00:00,4353.15,4353.56,1789989651663,4353.14,4353.55,2026-09-21T08:20:51.389000Z,246,4353.14,4353.55,2026-09-21T08:20:51.389000Z,245,4353.14,4353.55,2026-09-21T08:20:51.389000Z,245,1
2026-09-21T08:20:52.623163+00:00,4353.13,4353.55,1789989652282,4353.13,4353.55,2026-09-21T08:20:52.282000Z,251,4353.13,4353.55,2026-09-21T08:20:52.282000Z,251,4353.13,4353.55,2026-09-21T08:20:52.282000Z,251,1
2026-09-21T08:20:53.752515+00:00,4352.73,4353.15,1789989653728,4352.74,4353.15,2026-09-21T08:20:53.427000Z,256,4352.74,4353.15,2026-09-21T08:20:53.427000Z,256,4352.74,4353.15,2026-09-21T08:20:53.427000Z,256,1
2026-09-21T08:20:54.750108+00:00,4352.89,4353.31,1789989654852,4352.91,4353.33,2026-09-21T08:20:54.668000Z,261,4352.91,4353.33,2026-09-21T08:20:54.668000Z,261,4352.91,4353.33,2026-09-21T08:20:54.668000Z,261,1
2026-09-21T08:20:55.842117+00:00,4352.93,4353.34,1789989655889,4352.93,4353.34,2026-09-21T08:20:55.889000Z,267,4352.93,4353.35,2026-09-21T08:20:55.627000Z,266,4352.93,4353.35,2026-09-21T08:20:55.627000Z,266,1
2026-09-21T08:20:56.850729+00:00,4352.86,4353.27,1789989656871,4352.86,4353.27,2026-09-21T08:20:56.871000Z,272,4352.87,4353.29,2026-09-21T08:20:56.767000Z,271,4352.87,4353.29,2026-09-21T08:20:56.767000Z,271,1
2026-09-21T08:20:57.905167+00:00,4352.88,4353.29,1789989657987,4352.88,4353.29,2026-09-21T08:20:57.987000Z,277,4352.86,4353.27,2026-09-21T08:20:57.631000Z,276,4352.86,4353.27,2026-09-21T08:20:57.631000Z,276,1
2026-09-21T08:20:58.914874+00:00,4352.80,4353.22,1789989658836,4352.80,4353.22,2026-09-21T08:20:58.836000Z,281,4352.80,4353.22,2026-09-21T08:20:58.836000Z,281,4352.80,4353.22,2026-09-21T08:20:58.836000Z,281,1
2026-09-21T08:20:59.935054+00:00,4352.80,4353.22,1789989659968,4352.79,4353.20,2026-09-21T08:20:59.869000Z,286,4352.79,4353.20,2026-09-21T08:20:59.869000Z,286,4352.79,4353.20,2026-09-21T08:20:59.869000Z,286,1
2026-09-21T08:21:00.962986+00:00,4352.72,4353.14,1789989661068,4352.73,4353.15,2026-09-21T08:21:00.839000Z,291,4352.68,4353.10,2026-09-21T08:21:00.703000Z,290,4352.68,4353.10,2026-09-21T08:21:00.703000Z,290,1
2026-09-21T08:21:02.018067+00:00,4352.66,4353.07,1789989662090,4352.66,4353.07,2026-09-21T08:21:02.090000Z,297,4352.67,4353.08,2026-09-21T08:21:01.869000Z,296,4352.67,4353.08,2026-09-21T08:21:01.869000Z,296,1
2026-09-21T08:21:03.030265+00:00,4352.64,4353.06,1789989663049,4352.64,4353.06,2026-09-21T08:21:03.049000Z,302,4352.65,4353.06,2026-09-21T08:21:02.931000Z,301,4352.65,4353.06,2026-09-21T08:21:02.931000Z,301,1
2026-09-21T08:21:04.054462+00:00,4352.63,4353.04,1789989663719,4352.63,4353.04,2026-09-21T08:21:03.719000Z,307,4352.63,4353.04,2026-09-21T08:21:03.719000Z,306,4352.63,4353.04,2026-09-21T08:21:03.719000Z,306,1
2026-09-21T08:21:05.088761+00:00,4352.61,4353.02,1789989665133,4352.61,4353.02,2026-09-21T08:21:05.133000Z,312,4352.61,4353.03,2026-09-21T08:21:04.966000Z,311,4352.61,4353.03,2026-09-21T08:21:04.966000Z,311,1
2026-09-21T08:21:06.138634+00:00,4352.65,4353.06,1789989665968,4352.65,4353.06,2026-09-21T08:21:05.968000Z,317,4352.65,4353.06,2026-09-21T08:21:05.968000Z,316,4352.65,4353.06,2026-09-21T08:21:05.968000Z,316,1
2026-09-21T08:21:07.188920+00:00,4352.66,4353.07,1789989667295,4352.67,4353.08,2026-09-21T08:21:07.246000Z,322,4352.67,4353.08,2026-09-21T08:21:07.246000Z,322,4352.67,4353.08,2026-09-21T08:21:07.246000Z,322,1
2026-09-21T08:21:08.218704+00:00,4352.71,4353.12,1789989668167,4352.71,4353.12,2026-09-21T08:21:08.167000Z,327,4352.66,4353.07,2026-09-21T08:21:07.986000Z,326,4352.66,4353.07,2026-09-21T08:21:07.986000Z,326,1
