ui_timestamp,sequence,backend_bid,backend_ask,backend_event_time,websocket_bid,websocket_ask,ui_bid,ui_ask,ui_event_time,receipt_to_dom_ms
2026-09-21T08:20:03.946000+00:00,14,4353.68,4354.09,2026-09-21T08:20:03.868000Z,4353.68,4354.09,4353.68,4354.09,2026-09-21T08:20:03.868000Z,174.555
2026-09-21T08:20:04.202000+00:00,16,4353.73,4354.14,2026-09-21T08:20:04.287000Z,4353.73,4354.14,4353.73,4354.14,2026-09-21T08:20:04.287000Z,16.608
2026-09-21T08:20:04.485000+00:00,17,4353.73,4354.14,2026-09-21T08:20:04.467000Z,4353.73,4354.14,4353.73,4354.14,2026-09-21T08:20:04.467000Z,97.415
2026-09-21T08:20:04.720000+00:00,18,4353.76,4354.17,2026-09-21T08:20:04.670000Z,4353.76,4354.17,4353.76,4354.17,2026-09-21T08:20:04.670000Z,126.195
2026-09-21T08:20:04.971000+00:00,19,4353.76,4354.17,2026-09-21T08:20:04.868000Z,4353.76,4354.17,4353.76,4354.17,2026-09-21T08:20:04.868000Z,172.937
2026-09-21T08:20:05.225000+00:00,21,4353.64,4354.05,2026-09-21T08:20:05.270000Z,4353.64,4354.05,4353.64,4354.05,2026-09-21T08:20:05.270000Z,14.989
2026-09-21T08:20:05.508000+00:00,22,4353.63,4354.05,2026-09-21T08:20:05.381000Z,4353.63,4354.05,4353.63,4354.05,2026-09-21T08:20:05.381000Z,95.527
2026-09-21T08:20:05.750000+00:00,23,4353.61,4354.03,2026-09-21T08:20:05.693000Z,4353.61,4354.03,4353.61,4354.03,2026-09-21T08:20:05.693000Z,131.633
2026-09-21T08:20:05.997000+00:00,24,4353.61,4354.03,2026-09-21T08:20:05.869000Z,4353.61,4354.03,4353.61,4354.03,2026-09-21T08:20:05.869000Z,173.477
2026-09-21T08:20:06.251000+00:00,26,4353.62,4354.03,2026-09-21T08:20:06.317000Z,4353.62,4354.03,4353.62,4354.03,2026-09-21T08:20:06.317000Z,14.347
2026-09-21T08:20:06.544000+00:00,27,4353.66,4354.07,2026-09-21T08:20:06.434000Z,4353.66,4354.07,4353.66,4354.07,2026-09-21T08:20:06.434000Z,100.816
2026-09-21T08:20:06.787000+00:00,28,4353.63,4354.04,2026-09-21T08:20:06.691000Z,4353.63,4354.04,4353.63,4354.04,2026-09-21T08:20:06.691000Z,138.901
2026-09-21T08:20:07.055000+00:00,30,4353.62,4354.03,2026-09-21T08:20:07.039000Z,4353.62,4354.03,4353.62,4354.03,2026-09-21T08:20:07.039000Z,2.826
2026-09-21T08:20:07.312000+00:00,31,4353.62,4354.03,2026-09-21T08:20:07.039000Z,4353.62,4354.03,4353.62,4354.03,2026-09-21T08:20:07.039000Z,56.955
2026-09-21T08:20:07.596000+00:00,32,4353.62,4354.04,2026-09-21T08:20:07.591000Z,4353.62,4354.04,4353.62,4354.04,2026-09-21T08:20:07.591000Z,134.804
2026-09-21T08:20:07.939000+00:00,34,4353.62,4354.03,2026-09-21T08:20:07.959000Z,4353.62,4354.03,4353.62,4354.03,2026-09-21T08:20:07.959000Z,57.264
2026-09-21T08:20:08.141000+00:00,35,4353.62,4354.04,2026-09-21T08:20:08.183000Z,4353.62,4354.04,4353.62,4354.04,2026-09-21T08:20:08.183000Z,63.623
2026-09-21T08:20:08.407000+00:00,36,4353.63,4354.04,2026-09-21T08:20:08.359000Z,4353.63,4354.04,4353.63,4354.04,2026-09-21T08:20:08.359000Z,121.545
2026-09-21T08:20:08.747000+00:00,38,4353.63,4354.05,2026-09-21T08:20:08.674000Z,4353.63,4354.05,4353.63,4354.05,2026-09-21T08:20:08.674000Z,55.707
2026-09-21T08:20:09.077000+00:00,39,4353.63,4354.05,2026-09-21T08:20:08.674000Z,4353.63,4354.05,4353.63,4354.05,2026-09-21T08:20:08.674000Z,186.417
2026-09-21T08:20:09.373000+00:00,41,4353.65,4354.07,2026-09-21T08:20:09.356000Z,4353.65,4354.07,4353.65,4354.07,2026-09-21T08:20:09.356000Z,65.085
2026-09-21T08:20:09.625000+00:00,42,4353.67,4354.09,2026-09-21T08:20:09.585000Z,4353.67,4354.09,4353.67,4354.09,2026-09-21T08:20:09.585000Z,105.066
2026-09-21T08:20:09.898000+00:00,43,4353.66,4354.07,2026-09-21T08:20:09.668000Z,4353.66,4354.07,4353.66,4354.07,2026-09-21T08:20:09.668000Z,176.808
2026-09-21T08:20:10.203000+00:00,45,4353.67,4354.09,2026-09-21T08:20:10.171000Z,4353.67,4354.09,4353.67,4354.09,2026-09-21T08:20:10.171000Z,77.07
2026-09-21T08:20:10.433000+00:00,46,4353.68,4354.10,2026-09-21T08:20:10.407000Z,4353.68,4354.10,4353.68,4354.10,2026-09-21T08:20:10.407000Z,109.589
2026-09-21T08:20:10.695000+00:00,47,4353.69,4354.11,2026-09-21T08:20:10.487000Z,4353.69,4354.11,4353.69,4354.11,2026-09-21T08:20:10.487000Z,168.059
2026-09-21T08:20:10.988000+00:00,49,4353.73,4354.14,2026-09-21T08:20:10.668000Z,4353.73,4354.14,4353.73,4354.14,2026-09-21T08:20:10.668000Z,58.451
2026-09-21T08:20:11.359000+00:00,50,4353.73,4354.14,2026-09-21T08:20:10.668000Z,4353.73,4354.14,4353.73,4354.14,2026-09-21T08:20:10.668000Z,216.67
2026-09-21T08:20:11.594000+00:00,52,4353.77,4354.19,2026-09-21T08:20:11.535000Z,4353.77,4354.19,4353.77,4354.19,2026-09-21T08:20:11.535000Z,31.687
2026-09-21T08:20:11.844000+00:00,53,4353.78,4354.20,2026-09-21T08:20:11.733000Z,4353.78,4354.20,4353.78,4354.20,2026-09-21T08:20:11.733000Z,85.842
2026-09-21T08:20:12.148000+00:00,54,4353.66,4354.07,2026-09-21T08:20:12.031000Z,4353.66,4354.07,4353.66,4354.07,2026-09-21T08:20:12.031000Z,192.231
2026-09-21T08:20:12.396000+00:00,56,4353.53,4353.95,2026-09-21T08:20:12.512000Z,4353.53,4353.95,4353.53,4353.95,2026-09-21T08:20:12.512000Z,9.899
2026-09-21T08:20:12.645000+00:00,57,4353.35,4353.77,2026-09-21T08:20:12.652000Z,4353.35,4353.77,4353.35,4353.77,2026-09-21T08:20:12.652000Z,72.355
2026-09-21T08:20:12.898000+00:00,58,4353.34,4353.76,2026-09-21T08:20:12.885000Z,4353.34,4353.76,4353.34,4353.76,2026-09-21T08:20:12.885000Z,121.773
2026-09-21T08:20:13.196000+00:00,60,4353.13,4353.54,2026-09-21T08:20:13.286000Z,4353.13,4353.54,4353.13,4353.54,2026-09-21T08:20:13.286000Z,18.275
2026-09-21T08:20:13.501000+00:00,61,4352.94,4353.35,2026-09-21T08:20:13.513000Z,4352.94,4353.35,4352.94,4353.35,2026-09-21T08:20:13.513000Z,119.931
2026-09-21T08:20:13.737000+00:00,62,4352.92,4353.34,2026-09-21T08:20:13.669000Z,4352.92,4353.34,4352.92,4353.34,2026-09-21T08:20:13.669000Z,154.92
2026-09-21T08:20:13.989000+00:00,64,4352.92,4353.34,2026-09-21T08:20:14.081000Z,4352.92,4353.34,4352.92,4353.34,2026-09-21T08:20:14.081000Z,2.398
2026-09-21T08:20:14.341000+00:00,65,4352.92,4353.33,2026-09-21T08:20:14.167000Z,4352.92,4353.33,4352.92,4353.33,2026-09-21T08:20:14.167000Z,138.873
2026-09-21T08:20:14.647000+00:00,67,4352.91,4353.32,2026-09-21T08:20:14.568000Z,4352.91,4353.32,4352.91,4353.32,2026-09-21T08:20:14.568000Z,49.081
2026-09-21T08:20:14.886000+00:00,68,4352.90,4353.32,2026-09-21T08:20:14.753000Z,4352.90,4353.32,4352.90,4353.32,2026-09-21T08:20:14.753000Z,71.916
2026-09-21T08:20:15.142000+00:00,69,4352.90,4353.31,2026-09-21T08:20:15.097000Z,4352.90,4353.31,4352.90,4353.31,2026-09-21T08:20:15.097000Z,137.613
2026-09-21T08:20:15.479000+00:00,71,4352.97,4353.38,2026-09-21T08:20:15.542000Z,4352.97,4353.38,4352.97,4353.38,2026-09-21T08:20:15.542000Z,60.342
2026-09-21T08:20:15.810000+00:00,72,4352.96,4353.38,2026-09-21T08:20:15.593000Z,4352.96,4353.38,4352.96,4353.38,2026-09-21T08:20:15.593000Z,177.831
2026-09-21T08:20:16.038000+00:00,74,4352.93,4353.34,2026-09-21T08:20:16.068000Z,4352.93,4353.34,4352.93,4353.34,2026-09-21T08:20:16.068000Z,12.816
2026-09-21T08:20:16.326000+00:00,75,4352.91,4353.33,2026-09-21T08:20:16.167000Z,4352.91,4353.33,4352.91,4353.33,2026-09-21T08:20:16.167000Z,98.614
2026-09-21T08:20:16.644000+00:00,76,4352.91,4353.33,2026-09-21T08:20:16.167000Z,4352.91,4353.33,4352.91,4353.33,2026-09-21T08:20:16.167000Z,210.836
2026-09-21T08:20:16.882000+00:00,78,4352.91,4353.33,2026-09-21T08:20:16.968000Z,4352.91,4353.33,4352.91,4353.33,2026-09-21T08:20:16.968000Z,40.593
2026-09-21T08:20:17.144000+00:00,79,4352.91,4353.33,2026-09-21T08:20:16.968000Z,4352.91,4353.33,4352.91,4353.33,2026-09-21T08:20:16.968000Z,97.065
2026-09-21T08:20:17.406000+00:00,80,4352.91,4353.33,2026-09-21T08:20:16.968000Z,4352.91,4353.33,4352.91,4353.33,2026-09-21T08:20:16.968000Z,153.482
2026-09-21T08:20:17.703000+00:00,81,4352.91,4353.32,2026-09-21T08:20:17.561000Z,,,4352.91,4353.32,2026-09-21T08:20:17.561000Z,248.368
2026-09-21T08:20:17.708000+00:00,82,4352.74,4353.16,2026-09-21T08:20:17.769000Z,4352.74,4353.16,4352.74,4353.16,2026-09-21T08:20:17.769000Z,44.057
2026-09-21T08:20:17.945000+00:00,83,4352.71,4353.12,2026-09-21T08:20:17.963000Z,4352.71,4353.12,4352.71,4353.12,2026-09-21T08:20:17.963000Z,70.833
2026-09-21T08:20:18.199000+00:00,84,4352.71,4353.13,2026-09-21T08:20:18.025000Z,4352.71,4353.13,4352.71,4353.13,2026-09-21T08:20:18.025000Z,127.417
2026-09-21T08:20:18.820000+00:00,87,4352.79,4353.21,2026-09-21T08:20:18.767000Z,4352.79,4353.21,4352.79,4353.21,2026-09-21T08:20:18.767000Z,129.931
2026-09-21T08:20:19.046000+00:00,88,4352.79,4353.21,2026-09-21T08:20:19.010000Z,4352.79,4353.21,4352.79,4353.21,2026-09-21T08:20:19.010000Z,147.542
2026-09-21T08:20:19.323000+00:00,89,4352.81,4353.22,2026-09-21T08:20:19.215000Z,4352.81,4353.22,4352.81,4353.22,2026-09-21T08:20:19.215000Z,227.427
2026-09-21T08:20:19.582000+00:00,91,4352.81,4353.23,2026-09-21T08:20:19.305000Z,4352.81,4353.23,4352.81,4353.23,2026-09-21T08:20:19.305000Z,53.472
2026-09-21T08:20:19.864000+00:00,92,4352.81,4353.23,2026-09-21T08:20:19.305000Z,4352.81,4353.23,4352.81,4353.23,2026-09-21T08:20:19.305000Z,124.984
2026-09-21T08:20:20.099000+00:00,93,4352.80,4353.22,2026-09-21T08:20:19.967000Z,4352.80,4353.22,4352.80,4353.22,2026-09-21T08:20:19.967000Z,158.608
2026-09-21T08:20:20.397000+00:00,95,4352.81,4353.22,2026-09-21T08:20:20.344000Z,4352.81,4353.22,4352.81,4353.22,2026-09-21T08:20:20.344000Z,29.014
2026-09-21T08:20:20.651000+00:00,96,4352.81,4353.23,2026-09-21T08:20:20.690000Z,4352.81,4353.23,4352.81,4353.23,2026-09-21T08:20:20.690000Z,77.044
2026-09-21T08:20:20.947000+00:00,97,4352.83,4353.24,2026-09-21T08:20:20.842000Z,4352.83,4353.24,4352.83,4353.24,2026-09-21T08:20:20.842000Z,156.888
2026-09-21T08:20:21.188000+00:00,98,4352.85,4353.27,2026-09-21T08:20:21.103000Z,4352.85,4353.27,4352.85,4353.27,2026-09-21T08:20:21.103000Z,189.952
2026-09-21T08:20:21.442000+00:00,100,4352.84,4353.26,2026-09-21T08:20:21.274000Z,4352.84,4353.26,4352.84,4353.26,2026-09-21T08:20:21.274000Z,28.199
2026-09-21T08:20:21.705000+00:00,101,4352.82,4353.24,2026-09-21T08:20:21.586000Z,4352.82,4353.24,4352.82,4353.24,2026-09-21T08:20:21.586000Z,91.253
2026-09-21T08:20:22.009000+00:00,102,4352.82,4353.24,2026-09-21T08:20:21.586000Z,4352.82,4353.24,4352.82,4353.24,2026-09-21T08:20:21.586000Z,202.911
2026-09-21T08:20:22.249000+00:00,104,4352.82,4353.23,2026-09-21T08:20:22.243000Z,4352.82,4353.23,4352.82,4353.23,2026-09-21T08:20:22.243000Z,33.718
2026-09-21T08:20:22.522000+00:00,105,4352.82,4353.23,2026-09-21T08:20:22.243000Z,4352.82,4353.23,4352.82,4353.23,2026-09-21T08:20:22.243000Z,103.822
2026-09-21T08:20:22.782000+00:00,106,4352.80,4353.22,2026-09-21T08:20:22.667000Z,4352.80,4353.22,4352.80,4353.22,2026-09-21T08:20:22.667000Z,162.003
2026-09-21T08:20:23.084000+00:00,108,4352.80,4353.22,2026-09-21T08:20:22.985000Z,4352.80,4353.22,4352.80,4353.22,2026-09-21T08:20:22.985000Z,53.225
2026-09-21T08:20:23.311000+00:00,109,4352.80,4353.22,2026-09-21T08:20:22.985000Z,4352.80,4353.22,4352.80,4353.22,2026-09-21T08:20:22.985000Z,72.162
2026-09-21T08:20:23.577000+00:00,110,4352.82,4353.23,2026-09-21T08:20:23.567000Z,4352.82,4353.23,4352.82,4353.23,2026-09-21T08:20:23.567000Z,117.178
2026-09-21T08:20:23.841000+00:00,111,4352.81,4353.22,2026-09-21T08:20:23.722000Z,4352.81,4353.22,4352.81,4353.22,2026-09-21T08:20:23.722000Z,175.733
2026-09-21T08:20:24.170000+00:00,113,4352.83,4353.24,2026-09-21T08:20:23.984000Z,4352.83,4353.24,4352.83,4353.24,2026-09-21T08:20:23.984000Z,93.378
2026-09-21T08:20:24.386000+00:00,114,4352.83,4353.24,2026-09-21T08:20:23.984000Z,4352.83,4353.24,4352.83,4353.24,2026-09-21T08:20:23.984000Z,109.328
2026-09-21T08:20:24.659000+00:00,115,4352.84,4353.25,2026-09-21T08:20:24.590000Z,4352.84,4353.25,4352.84,4353.25,2026-09-21T08:20:24.590000Z,178.682
2026-09-21T08:20:24.918000+00:00,117,4352.78,4353.19,2026-09-21T08:20:25.011000Z,4352.78,4353.19,4352.78,4353.19,2026-09-21T08:20:25.011000Z,29.272
2026-09-21T08:20:25.177000+00:00,118,4352.78,4353.20,2026-09-21T08:20:25.236000Z,4352.78,4353.20,4352.78,4353.20,2026-09-21T08:20:25.236000Z,63.943
2026-09-21T08:20:25.502000+00:00,119,4352.69,4353.11,2026-09-21T08:20:25.443000Z,4352.69,4353.11,4352.69,4353.11,2026-09-21T08:20:25.443000Z,191.105
2026-09-21T08:20:25.735000+00:00,121,4352.68,4353.09,2026-09-21T08:20:25.768000Z,4352.68,4353.09,4352.68,4353.09,2026-09-21T08:20:25.768000Z,14.946
2026-09-21T08:20:25.989000+00:00,122,4352.69,4353.11,2026-09-21T08:20:26.033000Z,4352.69,4353.11,4352.69,4353.11,2026-09-21T08:20:26.033000Z,63.731
2026-09-21T08:20:26.272000+00:00,123,4352.71,4353.12,2026-09-21T08:20:26.227000Z,4352.71,4353.12,4352.71,4353.12,2026-09-21T08:20:26.227000Z,142.259
2026-09-21T08:20:26.508000+00:00,124,4352.73,4353.14,2026-09-21T08:20:26.429000Z,4352.73,4353.14,4352.73,4353.14,2026-09-21T08:20:26.429000Z,167.505
2026-09-21T08:20:26.765000+00:00,126,4352.73,4353.14,2026-09-21T08:20:26.664000Z,4352.73,4353.14,4352.73,4353.14,2026-09-21T08:20:26.664000Z,17.221
2026-09-21T08:20:27.016000+00:00,127,4352.71,4353.13,2026-09-21T08:20:27.068000Z,4352.71,4353.13,4352.71,4353.13,2026-09-21T08:20:27.068000Z,62.376
2026-09-21T08:20:27.270000+00:00,128,4352.71,4353.13,2026-09-21T08:20:27.068000Z,4352.71,4353.13,4352.71,4353.13,2026-09-21T08:20:27.068000Z,114.731
2026-09-21T08:20:27.575000+00:00,129,4352.72,4353.13,2026-09-21T08:20:27.405000Z,4352.72,4353.13,4352.72,4353.13,2026-09-21T08:20:27.405000Z,214.255
2026-09-21T08:20:27.817000+00:00,131,4352.74,4353.15,2026-09-21T08:20:27.883000Z,4352.74,4353.15,4352.74,4353.15,2026-09-21T08:20:27.883000Z,40.643
2026-09-21T08:20:28.073000+00:00,132,4352.71,4353.12,2026-09-21T08:20:28.048000Z,4352.71,4353.12,4352.71,4353.12,2026-09-21T08:20:28.048000Z,94.361
2026-09-21T08:20:28.339000+00:00,133,4352.72,4353.13,2026-09-21T08:20:28.267000Z,4352.72,4353.13,4352.72,4353.13,2026-09-21T08:20:28.267000Z,154.223
2026-09-21T08:20:28.676000+00:00,135,4352.70,4353.12,2026-09-21T08:20:28.487000Z,4352.70,4353.12,4352.70,4353.12,2026-09-21T08:20:28.487000Z,66.834
2026-09-21T08:20:28.898000+00:00,136,4352.70,4353.12,2026-09-21T08:20:28.487000Z,4352.70,4353.12,4352.70,4353.12,2026-09-21T08:20:28.487000Z,87.818
2026-09-21T08:20:29.153000+00:00,137,4352.70,4353.12,2026-09-21T08:20:28.487000Z,4352.70,4353.12,4352.70,4353.12,2026-09-21T08:20:28.487000Z,135.469
2026-09-21T08:20:29.664000+00:00,140,4352.70,4353.12,2026-09-21T08:20:29.682000Z,4352.70,4353.12,4352.70,4353.12,2026-09-21T08:20:29.682000Z,37.696
2026-09-21T08:20:30.002000+00:00,141,4352.70,4353.11,2026-09-21T08:20:29.913000Z,4352.70,4353.11,4352.70,4353.11,2026-09-21T08:20:29.913000Z,145.127
2026-09-21T08:20:30.235000+00:00,142,4352.62,4353.03,2026-09-21T08:20:30.141000Z,4352.62,4353.03,4352.62,4353.03,2026-09-21T08:20:30.141000Z,193.989
2026-09-21T08:20:30.482000+00:00,144,4352.60,4353.01,2026-09-21T08:20:30.485000Z,4352.60,4353.01,4352.60,4353.01,2026-09-21T08:20:30.485000Z,33.554
2026-09-21T08:20:30.785000+00:00,145,4352.60,4353.02,2026-09-21T08:20:30.777000Z,4352.60,4353.02,4352.60,4353.02,2026-09-21T08:20:30.777000Z,131.703
2026-09-21T08:20:31.013000+00:00,146,4352.57,4352.99,2026-09-21T08:20:30.985000Z,4352.57,4352.99,4352.57,4352.99,2026-09-21T08:20:30.985000Z,157.596
2026-09-21T08:20:31.282000+00:00,148,4352.61,4353.03,2026-09-21T08:20:31.266000Z,4352.61,4353.03,4352.61,4353.03,2026-09-21T08:20:31.266000Z,9.262
2026-09-21T08:20:31.533000+00:00,149,4352.70,4353.12,2026-09-21T08:20:31.626000Z,4352.70,4353.12,4352.70,4353.12,2026-09-21T08:20:31.626000Z,31.398
2026-09-21T08:20:31.841000+00:00,150,4352.71,4353.12,2026-09-21T08:20:31.785000Z,4352.71,4353.12,4352.71,4353.12,2026-09-21T08:20:31.785000Z,136.325
2026-09-21T08:20:32.083000+00:00,151,4352.71,4353.12,2026-09-21T08:20:31.785000Z,4352.71,4353.12,4352.71,4353.12,2026-09-21T08:20:31.785000Z,175.076
2026-09-21T08:20:32.333000+00:00,153,4352.71,4353.13,2026-09-21T08:20:32.262000Z,4352.71,4353.13,4352.71,4353.13,2026-09-21T08:20:32.262000Z,8.601
2026-09-21T08:20:32.584000+00:00,154,4352.72,4353.13,2026-09-21T08:20:32.586000Z,4352.72,4353.13,4352.72,4353.13,2026-09-21T08:20:32.586000Z,62.984
2026-09-21T08:20:32.844000+00:00,155,4352.71,4353.13,2026-09-21T08:20:32.747000Z,4352.71,4353.13,4352.71,4353.13,2026-09-21T08:20:32.747000Z,115.598
2026-09-21T08:20:33.153000+00:00,156,4352.70,4353.11,2026-09-21T08:20:32.988000Z,4352.70,4353.11,4352.70,4353.11,2026-09-21T08:20:32.988000Z,221.546
2026-09-21T08:20:33.386000+00:00,158,4352.71,4353.12,2026-09-21T08:20:33.471000Z,4352.71,4353.12,4352.71,4353.12,2026-09-21T08:20:33.471000Z,41.306
2026-09-21T08:20:33.650000+00:00,159,4352.69,4353.10,2026-09-21T08:20:33.602000Z,4352.69,4353.10,4352.69,4353.10,2026-09-21T08:20:33.602000Z,109.137
2026-09-21T08:20:33.919000+00:00,160,4352.69,4353.11,2026-09-21T08:20:33.813000Z,4352.69,4353.11,4352.69,4353.11,2026-09-21T08:20:33.813000Z,171.507
2026-09-21T08:20:34.221000+00:00,162,4352.70,4353.11,2026-09-21T08:20:34.259000Z,4352.70,4353.11,4352.70,4353.11,2026-09-21T08:20:34.259000Z,55.267
2026-09-21T08:20:34.447000+00:00,163,4352.70,4353.11,2026-09-21T08:20:34.259000Z,4352.70,4353.11,4352.70,4353.11,2026-09-21T08:20:34.259000Z,68.255
2026-09-21T08:20:34.709000+00:00,164,4352.72,4353.13,2026-09-21T08:20:34.668000Z,4352.72,4353.13,4352.72,4353.13,2026-09-21T08:20:34.668000Z,127.714
2026-09-21T08:20:35.012000+00:00,165,4352.71,4353.13,2026-09-21T08:20:34.867000Z,4352.71,4353.13,4352.71,4353.13,2026-09-21T08:20:34.867000Z,150.92
2026-09-21T08:20:35.324000+00:00,167,4352.73,4353.14,2026-09-21T08:20:35.423000Z,4352.73,4353.14,4352.73,4353.14,2026-09-21T08:20:35.423000Z,37.45
2026-09-21T08:20:35.557000+00:00,168,4352.69,4353.11,2026-09-21T08:20:35.569000Z,4352.69,4353.11,4352.69,4353.11,2026-09-21T08:20:35.569000Z,60.926
2026-09-21T08:20:35.824000+00:00,169,4352.68,4353.10,2026-09-21T08:20:35.782000Z,4352.68,4353.10,4352.68,4353.10,2026-09-21T08:20:35.782000Z,123.962
2026-09-21T08:20:36.077000+00:00,170,4352.68,4353.10,2026-09-21T08:20:35.782000Z,4352.68,4353.10,4352.68,4353.10,2026-09-21T08:20:35.782000Z,177.911
2026-09-21T08:20:36.385000+00:00,172,4352.71,4353.12,2026-09-21T08:20:36.409000Z,4352.71,4353.12,4352.71,4353.12,2026-09-21T08:20:36.409000Z,87.483
2026-09-21T08:20:36.621000+00:00,173,4352.68,4353.10,2026-09-21T08:20:36.585000Z,4352.68,4353.10,4352.68,4353.10,2026-09-21T08:20:36.585000Z,107.296
2026-09-21T08:20:36.892000+00:00,174,4352.58,4353.00,2026-09-21T08:20:36.766000Z,4352.58,4353.00,4352.58,4353.00,2026-09-21T08:20:36.766000Z,151.109
2026-09-21T08:20:37.153000+00:00,176,4352.56,4352.97,2026-09-21T08:20:37.138000Z,4352.56,4352.97,4352.56,4352.97,2026-09-21T08:20:37.138000Z,10.524
2026-09-21T08:20:37.453000+00:00,177,4352.55,4352.97,2026-09-21T08:20:37.385000Z,4352.55,4352.97,4352.55,4352.97,2026-09-21T08:20:37.385000Z,116.059
2026-09-21T08:20:37.693000+00:00,178,4352.55,4352.97,2026-09-21T08:20:37.385000Z,4352.55,4352.97,4352.55,4352.97,2026-09-21T08:20:37.385000Z,150.555
2026-09-21T08:20:37.937000+00:00,179,4352.55,4352.97,2026-09-21T08:20:37.385000Z,4352.55,4352.97,4352.55,4352.97,2026-09-21T08:20:37.385000Z,183.693
2026-09-21T08:20:38.189000+00:00,181,4352.56,4352.98,2026-09-21T08:20:38.097000Z,4352.56,4352.98,4352.56,4352.98,2026-09-21T08:20:38.097000Z,29.091
2026-09-21T08:20:38.490000+00:00,182,4352.50,4352.92,2026-09-21T08:20:38.354000Z,4352.50,4352.92,4352.50,4352.92,2026-09-21T08:20:38.354000Z,126.629
2026-09-21T08:20:38.721000+00:00,183,4352.50,4352.92,2026-09-21T08:20:38.354000Z,4352.50,4352.92,4352.50,4352.92,2026-09-21T08:20:38.354000Z,154.909
2026-09-21T08:20:38.986000+00:00,185,4352.48,4352.89,2026-09-21T08:20:39.050000Z,4352.48,4352.89,4352.48,4352.89,2026-09-21T08:20:39.050000Z,8.76
2026-09-21T08:20:39.234000+00:00,186,4352.46,4352.88,2026-09-21T08:20:39.210000Z,4352.46,4352.88,4352.46,4352.88,2026-09-21T08:20:39.210000Z,62.846
2026-09-21T08:20:39.543000+00:00,187,4352.46,4352.88,2026-09-21T08:20:39.210000Z,4352.46,4352.88,4352.46,4352.88,2026-09-21T08:20:39.210000Z,160.04
2026-09-21T08:20:39.812000+00:00,189,4352.47,4352.88,2026-09-21T08:20:39.670000Z,4352.47,4352.88,4352.47,4352.88,2026-09-21T08:20:39.670000Z,12.586
2026-09-21T08:20:40.077000+00:00,190,4352.47,4352.88,2026-09-21T08:20:39.670000Z,4352.47,4352.88,4352.47,4352.88,2026-09-21T08:20:39.670000Z,73.894
2026-09-21T08:20:40.327000+00:00,191,4352.47,4352.88,2026-09-21T08:20:39.670000Z,4352.47,4352.88,4352.47,4352.88,2026-09-21T08:20:39.670000Z,122.257
2026-09-21T08:20:40.646000+00:00,193,4352.47,4352.88,2026-09-21T08:20:39.670000Z,4352.47,4352.88,4352.47,4352.88,2026-09-21T08:20:39.670000Z,30.867
2026-09-21T08:20:40.897000+00:00,194,4352.46,4352.87,2026-09-21T08:20:40.953000Z,4352.46,4352.87,4352.46,4352.87,2026-09-21T08:20:40.953000Z,60.862
2026-09-21T08:20:41.173000+00:00,195,4352.46,4352.87,2026-09-21T08:20:40.953000Z,4352.46,4352.87,4352.46,4352.87,2026-09-21T08:20:40.953000Z,122.623
2026-09-21T08:20:41.420000+00:00,196,4352.46,4352.87,2026-09-21T08:20:40.953000Z,4352.46,4352.87,4352.46,4352.87,2026-09-21T08:20:40.953000Z,178.515
2026-09-21T08:20:41.664000+00:00,198,4352.46,4352.87,2026-09-21T08:20:40.953000Z,4352.46,4352.87,4352.46,4352.87,2026-09-21T08:20:40.953000Z,4.07
2026-09-21T08:20:41.972000+00:00,199,4352.47,4352.88,2026-09-21T08:20:41.828000Z,4352.47,4352.88,4352.47,4352.88,2026-09-21T08:20:41.828000Z,100.52
2026-09-21T08:20:42.207000+00:00,200,4352.47,4352.88,2026-09-21T08:20:41.828000Z,4352.47,4352.88,4352.47,4352.88,2026-09-21T08:20:41.828000Z,141.552
2026-09-21T08:20:42.476000+00:00,202,4352.47,4352.89,2026-09-21T08:20:42.584000Z,4352.47,4352.89,4352.47,4352.89,2026-09-21T08:20:42.584000Z,3.161
2026-09-21T08:20:42.768000+00:00,203,4352.54,4352.96,2026-09-21T08:20:42.767000Z,4352.54,4352.96,4352.54,4352.96,2026-09-21T08:20:42.767000Z,92.182
2026-09-21T08:20:43.009000+00:00,204,4352.52,4352.93,2026-09-21T08:20:42.930000Z,4352.52,4352.93,4352.52,4352.93,2026-09-21T08:20:42.930000Z,127.801
2026-09-21T08:20:43.263000+00:00,205,4352.48,4352.89,2026-09-21T08:20:43.167000Z,4352.48,4352.89,4352.48,4352.89,2026-09-21T08:20:43.167000Z,172.447
2026-09-21T08:20:43.515000+00:00,207,4352.48,4352.90,2026-09-21T08:20:43.468000Z,4352.48,4352.90,4352.48,4352.90,2026-09-21T08:20:43.468000Z,14.471
2026-09-21T08:20:43.766000+00:00,208,4352.50,4352.92,2026-09-21T08:20:43.786000Z,4352.50,4352.92,4352.50,4352.92,2026-09-21T08:20:43.786000Z,62.389
2026-09-21T08:20:44.046000+00:00,209,4352.50,4352.92,2026-09-21T08:20:43.786000Z,4352.50,4352.92,4352.50,4352.92,2026-09-21T08:20:43.786000Z,121.354
2026-09-21T08:20:44.281000+00:00,210,4352.50,4352.92,2026-09-21T08:20:43.786000Z,4352.50,4352.92,4352.50,4352.92,2026-09-21T08:20:43.786000Z,153.595
2026-09-21T08:20:44.549000+00:00,212,4352.51,4352.93,2026-09-21T08:20:44.519000Z,4352.51,4352.93,4352.51,4352.93,2026-09-21T08:20:44.519000Z,5.082
2026-09-21T08:20:44.807000+00:00,213,4352.50,4352.91,2026-09-21T08:20:44.866000Z,4352.50,4352.91,4352.50,4352.91,2026-09-21T08:20:44.866000Z,56.249
2026-09-21T08:20:45.095000+00:00,214,4352.62,4353.04,2026-09-21T08:20:45.027000Z,4352.62,4353.04,4352.62,4353.04,2026-09-21T08:20:45.027000Z,134.435
2026-09-21T08:20:45.400000+00:00,216,4352.73,4353.15,2026-09-21T08:20:45.469000Z,4352.73,4353.15,4352.73,4353.15,2026-09-21T08:20:45.469000Z,41.269
2026-09-21T08:20:45.627000+00:00,217,4352.69,4353.11,2026-09-21T08:20:45.657000Z,4352.69,4353.11,4352.69,4353.11,2026-09-21T08:20:45.657000Z,64.98
2026-09-21T08:20:45.892000+00:00,218,4352.68,4353.09,2026-09-21T08:20:45.767000Z,4352.68,4353.09,4352.68,4353.09,2026-09-21T08:20:45.767000Z,115.643
2026-09-21T08:20:46.147000+00:00,219,4352.69,4353.10,2026-09-21T08:20:46.024000Z,4352.69,4353.10,4352.69,4353.10,2026-09-21T08:20:46.024000Z,177.447
2026-09-21T08:20:46.437000+00:00,221,4352.72,4353.13,2026-09-21T08:20:46.483000Z,4352.72,4353.13,4352.72,4353.13,2026-09-21T08:20:46.483000Z,50.298
2026-09-21T08:20:46.664000+00:00,222,4352.84,4353.25,2026-09-21T08:20:46.669000Z,4352.84,4353.25,4352.84,4353.25,2026-09-21T08:20:46.669000Z,79.703
2026-09-21T08:20:46.929000+00:00,223,4352.91,4353.32,2026-09-21T08:20:46.827000Z,4352.91,4353.32,4352.91,4353.32,2026-09-21T08:20:46.827000Z,141.523
2026-09-21T08:20:47.199000+00:00,225,4352.92,4353.34,2026-09-21T08:20:47.284000Z,4352.92,4353.34,4352.92,4353.34,2026-09-21T08:20:47.284000Z,3.485
2026-09-21T08:20:47.484000+00:00,226,4352.92,4353.33,2026-09-21T08:20:47.522000Z,4352.92,4353.33,4352.92,4353.33,2026-09-21T08:20:47.522000Z,76.818
2026-09-21T08:20:47.723000+00:00,227,4352.97,4353.38,2026-09-21T08:20:47.684000Z,4352.97,4353.38,4352.97,4353.38,2026-09-21T08:20:47.684000Z,111.351
2026-09-21T08:20:47.971000+00:00,228,4353.12,4353.53,2026-09-21T08:20:47.832000Z,4353.12,4353.53,4353.12,4353.53,2026-09-21T08:20:47.832000Z,154.779
2026-09-21T08:20:48.245000+00:00,229,4353.09,4353.51,2026-09-21T08:20:48.111000Z,4353.09,4353.51,4353.09,4353.51,2026-09-21T08:20:48.111000Z,226.67
2026-09-21T08:20:48.540000+00:00,231,4353.07,4353.48,2026-09-21T08:20:48.570000Z,4353.07,4353.48,4353.07,4353.48,2026-09-21T08:20:48.570000Z,94.035
2026-09-21T08:20:48.775000+00:00,232,4353.07,4353.49,2026-09-21T08:20:48.623000Z,4353.07,4353.49,4353.07,4353.49,2026-09-21T08:20:48.623000Z,125.153
2026-09-21T08:20:49.035000+00:00,233,4353.07,4353.48,2026-09-21T08:20:48.973000Z,4353.07,4353.48,4353.07,4353.48,2026-09-21T08:20:48.973000Z,178.535
2026-09-21T08:20:49.299000+00:00,235,4353.07,4353.48,2026-09-21T08:20:48.973000Z,4353.07,4353.48,4353.07,4353.48,2026-09-21T08:20:48.973000Z,17.985
2026-09-21T08:20:49.607000+00:00,236,4353.06,4353.48,2026-09-21T08:20:49.579000Z,4353.06,4353.48,4353.06,4353.48,2026-09-21T08:20:49.579000Z,119.726
2026-09-21T08:20:49.846000+00:00,237,4352.96,4353.38,2026-09-21T08:20:49.823000Z,4352.96,4353.38,4352.96,4353.38,2026-09-21T08:20:49.823000Z,155.476
2026-09-21T08:20:50.115000+00:00,239,4352.97,4353.39,2026-09-21T08:20:50.087000Z,4352.97,4353.39,4352.97,4353.39,2026-09-21T08:20:50.087000Z,17.607
2026-09-21T08:20:50.384000+00:00,240,4352.95,4353.37,2026-09-21T08:20:50.368000Z,4352.95,4353.37,4352.95,4353.37,2026-09-21T08:20:50.368000Z,84.404
2026-09-21T08:20:50.683000+00:00,241,4352.94,4353.36,2026-09-21T08:20:50.533000Z,4352.94,4353.36,4352.94,4353.36,2026-09-21T08:20:50.533000Z,184.74
2026-09-21T08:20:50.913000+00:00,243,4352.95,4353.37,2026-09-21T08:20:50.969000Z,4352.95,4353.37,4352.95,4353.37,2026-09-21T08:20:50.969000Z,5.054
2026-09-21T08:20:51.169000+00:00,244,4353.08,4353.50,2026-09-21T08:20:51.220000Z,4353.08,4353.50,4353.08,4353.50,2026-09-21T08:20:51.220000Z,61.859
2026-09-21T08:20:51.436000+00:00,245,4353.14,4353.55,2026-09-21T08:20:51.389000Z,4353.14,4353.55,4353.14,4353.55,2026-09-21T08:20:51.389000Z,121.606
2026-09-21T08:20:51.778000+00:00,247,4353.14,4353.56,2026-09-21T08:20:51.802000Z,4353.14,4353.56,4353.14,4353.56,2026-09-21T08:20:51.802000Z,53.708
2026-09-21T08:20:52.008000+00:00,248,4353.16,4353.58,2026-09-21T08:20:52.020000Z,4353.16,4353.58,4353.16,4353.58,2026-09-21T08:20:52.020000Z,79.294
2026-09-21T08:20:52.264000+00:00,249,4353.15,4353.57,2026-09-21T08:20:52.089000Z,4353.15,4353.57,4353.15,4353.57,2026-09-21T08:20:52.089000Z,120.408
2026-09-21T08:20:52.567000+00:00,251,4353.13,4353.55,2026-09-21T08:20:52.282000Z,4353.13,4353.55,4353.13,4353.55,2026-09-21T08:20:52.282000Z,5.789
2026-09-21T08:20:52.878000+00:00,252,4353.13,4353.54,2026-09-21T08:20:52.804000Z,4353.13,4353.54,4353.13,4353.54,2026-09-21T08:20:52.804000Z,111.575
2026-09-21T08:20:53.105000+00:00,253,4352.92,4353.33,2026-09-21T08:20:53.063000Z,4352.92,4353.33,4352.92,4353.33,2026-09-21T08:20:53.063000Z,139.173
2026-09-21T08:20:53.402000+00:00,254,4352.76,4353.18,2026-09-21T08:20:53.268000Z,4352.76,4353.18,4352.76,4353.18,2026-09-21T08:20:53.268000Z,229.952
2026-09-21T08:20:53.643000+00:00,256,4352.74,4353.15,2026-09-21T08:20:53.427000Z,4352.74,4353.15,4352.74,4353.15,2026-09-21T08:20:53.427000Z,59.513
2026-09-21T08:20:53.933000+00:00,257,4352.74,4353.15,2026-09-21T08:20:53.868000Z,4352.74,4353.15,4352.74,4353.15,2026-09-21T08:20:53.868000Z,144.836
2026-09-21T08:20:54.178000+00:00,258,4352.71,4353.13,2026-09-21T08:20:54.122000Z,4352.71,4353.13,4352.71,4353.13,2026-09-21T08:20:54.122000Z,184.921
2026-09-21T08:20:54.442000+00:00,260,4352.85,4353.27,2026-09-21T08:20:54.533000Z,4352.85,4353.27,4352.85,4353.27,2026-09-21T08:20:54.533000Z,38.246
2026-09-21T08:20:54.696000+00:00,261,4352.91,4353.33,2026-09-21T08:20:54.668000Z,4352.91,4353.33,4352.91,4353.33,2026-09-21T08:20:54.668000Z,83.866
2026-09-21T08:20:55.001000+00:00,262,4352.89,4353.31,2026-09-21T08:20:54.852000Z,4352.89,4353.31,4352.89,4353.31,2026-09-21T08:20:54.852000Z,186.864
2026-09-21T08:20:55.230000+00:00,264,4352.92,4353.34,2026-09-21T08:20:55.153000Z,4352.92,4353.34,4352.92,4353.34,2026-09-21T08:20:55.153000Z,13.389
2026-09-21T08:20:55.502000+00:00,265,4352.92,4353.34,2026-09-21T08:20:55.153000Z,4352.92,4353.34,4352.92,4353.34,2026-09-21T08:20:55.153000Z,74.082
2026-09-21T08:20:55.793000+00:00,266,4352.93,4353.35,2026-09-21T08:20:55.627000Z,4352.93,4353.35,4352.93,4353.35,2026-09-21T08:20:55.627000Z,169.887
2026-09-21T08:20:56.035000+00:00,267,4352.93,4353.34,2026-09-21T08:20:55.889000Z,4352.93,4353.34,4352.93,4353.34,2026-09-21T08:20:55.889000Z,209.007
2026-09-21T08:20:56.297000+00:00,269,4352.93,4353.34,2026-09-21T08:20:55.889000Z,4352.93,4353.34,4352.93,4353.34,2026-09-21T08:20:55.889000Z,61.21
2026-09-21T08:20:56.546000+00:00,270,4352.93,4353.34,2026-09-21T08:20:55.889000Z,4352.93,4353.34,4352.93,4353.34,2026-09-21T08:20:55.889000Z,107.206
2026-09-21T08:20:56.827000+00:00,271,4352.87,4353.29,2026-09-21T08:20:56.767000Z,4352.87,4353.29,4352.87,4353.29,2026-09-21T08:20:56.767000Z,186.22
2026-09-21T08:20:57.068000+00:00,273,4352.86,4353.27,2026-09-21T08:20:57.168000Z,4352.86,4353.27,4352.86,4353.27,2026-09-21T08:20:57.168000Z,15.674
2026-09-21T08:20:57.319000+00:00,274,4352.86,4353.27,2026-09-21T08:20:57.367000Z,4352.86,4353.27,4352.86,4353.27,2026-09-21T08:20:57.367000Z,62.534
2026-09-21T08:20:57.572000+00:00,275,4352.87,4353.28,2026-09-21T08:20:57.561000Z,4352.87,4353.28,4352.87,4353.28,2026-09-21T08:20:57.561000Z,110.373
2026-09-21T08:20:57.837000+00:00,276,4352.86,4353.27,2026-09-21T08:20:57.631000Z,4352.86,4353.27,4352.86,4353.27,2026-09-21T08:20:57.631000Z,164.141
2026-09-21T08:20:58.140000+00:00,278,4352.88,4353.29,2026-09-21T08:20:57.987000Z,4352.88,4353.29,4352.88,4353.29,2026-09-21T08:20:57.987000Z,47.84
2026-09-21T08:20:58.371000+00:00,279,4352.86,4353.27,2026-09-21T08:20:58.347000Z,4352.86,4353.27,4352.86,4353.27,2026-09-21T08:20:58.347000Z,80.348
2026-09-21T08:20:58.637000+00:00,280,4352.85,4353.26,2026-09-21T08:20:58.570000Z,4352.85,4353.26,4352.85,4353.26,2026-09-21T08:20:58.570000Z,141.278
2026-09-21T08:20:58.908000+00:00,281,4352.80,4353.22,2026-09-21T08:20:58.836000Z,4352.80,4353.22,4352.80,4353.22,2026-09-21T08:20:58.836000Z,205.726
2026-09-21T08:20:59.177000+00:00,283,4352.78,4353.19,2026-09-21T08:20:59.233000Z,4352.78,4353.19,4352.78,4353.19,2026-09-21T08:20:59.233000Z,47.805
2026-09-21T08:20:59.413000+00:00,284,4352.80,4353.22,2026-09-21T08:20:59.468000Z,4352.80,4353.22,4352.80,4353.22,2026-09-21T08:20:59.468000Z,75.956
2026-09-21T08:20:59.665000+00:00,285,4352.77,4353.18,2026-09-21T08:20:59.584000Z,4352.77,4353.18,4352.77,4353.18,2026-09-21T08:20:59.584000Z,125.339
2026-09-21T08:20:59.931000+00:00,286,4352.79,4353.20,2026-09-21T08:20:59.869000Z,4352.79,4353.20,4352.79,4353.20,2026-09-21T08:20:59.869000Z,187.312
2026-09-21T08:21:00.249000+00:00,287,4352.80,4353.22,2026-09-21T08:20:59.968000Z,,,4352.80,4353.22,2026-09-21T08:20:59.968000Z,302.53
2026-09-21T08:21:00.258000+00:00,288,4352.80,4353.22,2026-09-21T08:21:00.268000Z,4352.80,4353.22,4352.80,4353.22,2026-09-21T08:21:00.268000Z,79.148
2026-09-21T08:21:00.477000+00:00,289,4352.80,4353.22,2026-09-21T08:21:00.455000Z,4352.80,4353.22,4352.80,4353.22,2026-09-21T08:21:00.455000Z,110.682
2026-09-21T08:21:00.742000+00:00,290,4352.68,4353.10,2026-09-21T08:21:00.703000Z,4352.68,4353.10,4352.68,4353.10,2026-09-21T08:21:00.703000Z,172.584
2026-09-21T08:21:01.006000+00:00,292,4352.72,4353.14,2026-09-21T08:21:01.068000Z,4352.72,4353.14,4352.72,4353.14,2026-09-21T08:21:01.068000Z,27.517
2026-09-21T08:21:01.320000+00:00,293,4352.65,4353.07,2026-09-21T08:21:01.286000Z,4352.65,4353.07,4352.65,4353.07,2026-09-21T08:21:01.286000Z,141.418
2026-09-21T08:21:01.545000+00:00,294,4352.65,4353.06,2026-09-21T08:21:01.349000Z,4352.65,4353.06,4352.65,4353.06,2026-09-21T08:21:01.349000Z,165.808
2026-09-21T08:21:01.811000+00:00,296,4352.67,4353.08,2026-09-21T08:21:01.869000Z,4352.67,4353.08,4352.67,4353.08,2026-09-21T08:21:01.869000Z,31.636
2026-09-21T08:21:02.062000+00:00,297,4352.66,4353.07,2026-09-21T08:21:02.090000Z,4352.66,4353.07,4352.66,4353.07,2026-09-21T08:21:02.090000Z,76.074
2026-09-21T08:21:02.352000+00:00,298,4352.65,4353.06,2026-09-21T08:21:02.152000Z,4352.65,4353.06,4352.65,4353.06,2026-09-21T08:21:02.152000Z,162.677
2026-09-21T08:21:02.585000+00:00,299,4352.64,4353.06,2026-09-21T08:21:02.385000Z,4352.64,4353.06,4352.64,4353.06,2026-09-21T08:21:02.385000Z,189.528
2026-09-21T08:21:02.837000+00:00,301,4352.65,4353.06,2026-09-21T08:21:02.931000Z,4352.65,4353.06,4352.65,4353.06,2026-09-21T08:21:02.931000Z,27.244
2026-09-21T08:21:03.096000+00:00,302,4352.64,4353.06,2026-09-21T08:21:03.049000Z,4352.64,4353.06,4352.64,4353.06,2026-09-21T08:21:03.049000Z,83.784
2026-09-21T08:21:03.389000+00:00,303,4352.57,4352.99,2026-09-21T08:21:03.280000Z,4352.57,4352.99,4352.57,4352.99,2026-09-21T08:21:03.280000Z,169.095
2026-09-21T08:21:03.644000+00:00,305,4352.63,4353.04,2026-09-21T08:21:03.719000Z,4352.63,4353.04,4352.63,4353.04,2026-09-21T08:21:03.719000Z,5.72
2026-09-21T08:21:03.905000+00:00,306,4352.63,4353.04,2026-09-21T08:21:03.719000Z,4352.63,4353.04,4352.63,4353.04,2026-09-21T08:21:03.719000Z,58.099
2026-09-21T08:21:04.158000+00:00,307,4352.63,4353.04,2026-09-21T08:21:03.719000Z,4352.63,4353.04,4352.63,4353.04,2026-09-21T08:21:03.719000Z,108.716
2026-09-21T08:21:04.448000+00:00,308,4352.62,4353.03,2026-09-21T08:21:04.358000Z,4352.62,4353.03,4352.62,4353.03,2026-09-21T08:21:04.358000Z,199.329
2026-09-21T08:21:04.682000+00:00,310,4352.58,4353.00,2026-09-21T08:21:04.618000Z,4352.58,4353.00,4352.58,4353.00,2026-09-21T08:21:04.618000Z,19.022
2026-09-21T08:21:04.948000+00:00,311,4352.61,4353.03,2026-09-21T08:21:04.966000Z,4352.61,4353.03,4352.61,4353.03,2026-09-21T08:21:04.966000Z,84.381
2026-09-21T08:21:05.194000+00:00,312,4352.61,4353.02,2026-09-21T08:21:05.133000Z,4352.61,4353.02,4352.61,4353.02,2026-09-21T08:21:05.133000Z,121.247
2026-09-21T08:21:05.492000+00:00,313,4352.64,4353.06,2026-09-21T08:21:05.382000Z,4352.64,4353.06,4352.64,4353.06,2026-09-21T08:21:05.382000Z,219.324
2026-09-21T08:21:05.729000+00:00,315,4352.64,4353.06,2026-09-21T08:21:05.382000Z,4352.64,4353.06,4352.64,4353.06,2026-09-21T08:21:05.382000Z,44.201
2026-09-21T08:21:06.003000+00:00,316,4352.65,4353.06,2026-09-21T08:21:05.968000Z,4352.65,4353.06,4352.65,4353.06,2026-09-21T08:21:05.968000Z,114.103
2026-09-21T08:21:06.267000+00:00,317,4352.65,4353.06,2026-09-21T08:21:05.968000Z,4352.65,4353.06,4352.65,4353.06,2026-09-21T08:21:05.968000Z,170.942
2026-09-21T08:21:06.597000+00:00,319,4352.65,4353.06,2026-09-21T08:21:05.968000Z,4352.65,4353.06,4352.65,4353.06,2026-09-21T08:21:05.968000Z,80.475
2026-09-21T08:21:06.878000+00:00,320,4352.65,4353.06,2026-09-21T08:21:05.968000Z,4352.65,4353.06,4352.65,4353.06,2026-09-21T08:21:05.968000Z,160.077
2026-09-21T08:21:07.171000+00:00,322,4352.67,4353.08,2026-09-21T08:21:07.246000Z,4352.67,4353.08,4352.67,4353.08,2026-09-21T08:21:07.246000Z,54.914
2026-09-21T08:21:07.435000+00:00,323,4352.66,4353.08,2026-09-21T08:21:07.425000Z,4352.66,4353.08,4352.66,4353.08,2026-09-21T08:21:07.425000Z,99.012
2026-09-21T08:21:07.768000+00:00,325,4352.66,4353.08,2026-09-21T08:21:07.668000Z,4352.66,4353.08,4352.66,4353.08,2026-09-21T08:21:07.668000Z,29.907
2026-09-21T08:21:07.998000+00:00,326,4352.66,4353.07,2026-09-21T08:21:07.986000Z,4352.66,4353.07,4352.66,4353.07,2026-09-21T08:21:07.986000Z,58.543
2026-09-21T08:21:08.249000+00:00,327,4352.71,4353.12,2026-09-21T08:21:08.167000Z,4352.71,4353.12,4352.71,4353.12,2026-09-21T08:21:08.167000Z,104.278
2026-09-21T08:21:08.503000+00:00,328,4352.74,4353.15,2026-09-21T08:21:08.484000Z,4352.74,4353.15,4352.74,4353.15,2026-09-21T08:21:08.484000Z,148.844
